,City,Cloudiness,Country,Date,Humidity,Latitude,Longitude,Max Temp,Wind Speed (mph)
0,Mahebourg,40,MU,1547146800,83,-20.41,57.7,82.4,11.41
1,Dikson,32,RU,1547148562,100,73.51,80.55,-17.69,7.76
2,Barabai,92,ID,1547148609,100,-2.59,115.38,71.7,2.13
3,Klaksvik,64,FO,1547146200,93,62.23,-6.59,46.4,19.46
4,Callaway,1,US,1547147760,55,46.98,-95.91,17.01,9.17
5,Menongue,36,AO,1547148611,60,-14.66,17.68,69.72,2.24
6,Hermanus,0,ZA,1547148393,60,-34.42,19.24,65.74,7.31
7,Birin,0,SY,1547148612,96,35.01,36.67,30.16,3.91
8,Husavik,92,CA,1547148612,89,50.56,-96.99,11.17,13.31
9,Puerto Ayora,0,EC,1547146800,58,-0.74,-90.35,84.2,10.29
10,Yumen,0,CN,1547148613,62,40.29,97.04,0.37,5.59
11,Thompson,90,CA,1547143200,76,55.74,-97.86,-5.81,4.7
12,Kysyl-Syr,56,RU,1547148614,45,63.9,122.77,-28.57,8.39
13,Port Elizabeth,75,US,1547146560,43,39.31,-74.98,38.44,20.8
14,Bredasdorp,20,ZA,1547146800,56,-34.53,20.04,69.8,19.46
15,Marawi,88,PH,1547148615,98,8,124.29,68.41,3.13
16,Busselton,12,AU,1547148572,100,-33.64,115.35,64.53,13.02
17,Kem,80,UG,1547148615,42,2.68,33.77,72.46,8.28
18,Nuuk,20,GL,1547146200,78,64.17,-51.74,15.8,10.29
19,Kaitangata,8,NZ,1547148590,85,-46.28,169.85,51.39,17.72
20,Atuona,68,PF,1547148568,99,-9.8,-139.03,81.45,18.84
21,Albany,40,US,1547146620,48,42.65,-73.75,24.22,26.4
22,Vao,32,EE,1547148617,88,59.1,26.19,18.73,9.51
23,Yellowknife,75,CA,1547143200,75,62.45,-114.38,-14.81,12.75
24,Ewa Beach,90,US,1547146620,66,21.32,-158.01,72.84,4.7
25,Iznik,75,TR,1547146200,44,40.43,29.72,57.79,21.92
26,Ribeira Grande,40,PT,1547145000,67,38.52,-28.7,57.2,16.11
27,Shambu,0,ET,1547148622,62,9.57,37.1,43.48,2.46
28,Kahului,40,US,1547146560,96,20.89,-156.47,70.25,6.2
29,Tiksi,48,RU,1547148622,64,71.64,128.87,-35,3.13
30,Korem,0,ET,1547148623,82,12.51,39.52,38.8,1.57
31,Chokurdakh,8,RU,1547148574,64,70.62,147.9,-34.66,7.65
32,Faanui,76,PF,1547148415,100,-16.48,-151.75,84.01,17.38
33,Hohhot,0,CN,1547146800,71,40.81,111.65,8.6,2.24
34,Vestmannaeyjar,90,IS,1547143200,80,63.44,-20.27,41,5.82
35,Castlegar,88,CA,1547148624,91,49.32,-117.66,34.48,2.13
36,Xinyu,92,CN,1547148625,100,27.8,114.93,41.86,3.24
37,Pacifica,1,US,1547146800,87,37.61,-122.49,52.38,4.7
38,Arraial do Cabo,0,BR,1547146800,65,-22.97,-42.02,87.04,23.04
39,Biak,8,ID,1547148625,100,-0.91,122.88,76.96,2.57
40,Rikitea,44,PF,1547148562,97,-23.12,-134.97,79.92,15.03
41,Tromso,75,NO,1547146200,91,69.65,18.96,30.94,13.87
42,Bichena,0,ET,1547148626,44,10.45,38.2,42.58,1.79
43,Sur,8,OM,1547148484,100,22.57,59.53,73.12,2.39
44,Hobart,75,AU,1547146800,67,-42.88,147.33,60.8,3.36
45,Ushuaia,75,AR,1547146800,54,-54.81,-68.31,59.18,8.05
46,Esperance,40,TT,1547146800,62,10.24,-61.45,84.2,11.41
47,Khatanga,0,RU,1547148598,60,71.98,102.47,-33.71,6.08
48,Touros,75,BR,1547146800,66,-5.2,-35.46,86,18.34
49,Vaini,0,IN,1547148384,72,15.34,74.49,61.65,3.29
50,Dandong,0,CN,1547148636,58,40.12,124.37,2.4,2.46
51,Karratha,0,AU,1547148637,13,-20.74,116.85,84.79,12.86
52,Dunedin,92,NZ,1547148580,100,-45.87,170.5,49.32,4.97
53,Lompoc,90,US,1547147700,87,34.64,-120.46,54.75,3.58
54,Ust-Maya,48,RU,1547148641,74,60.42,134.54,-37.61,2.57
55,Qaanaaq,20,GL,1547148601,100,77.48,-69.36,-18.62,8.72
56,Bouna,0,CI,1547148641,45,9.27,-3,78.72,4.7
57,Severo-Kurilsk,8,RU,1547148583,100,50.68,156.12,11.29,4.97
58,Dryden,90,CA,1547143200,64,49.79,-92.84,-0.41,6.93
59,Demirci,92,TR,1547148642,97,39.05,28.66,40.74,11.41
60,Fisciano,20,IT,1547148000,60,40.77,14.8,36.91,4.7
61,Narsaq,92,GL,1547148643,83,60.91,-46.05,19.63,4.14
62,Georgetown,75,GY,1547146800,70,6.8,-58.16,85.15,13.87
63,Abu Samrah,0,SY,1547148432,89,35.3,37.18,37.8,7.2
64,Prince Rupert,90,CA,1547143200,87,54.32,-130.32,44.6,12.75
65,Kapaa,40,US,1547146560,84,22.08,-159.32,71.69,6.93
66,Punta Arenas,75,CL,1547146800,71,-53.16,-70.91,53.6,17.22
67,Vagur,92,FO,1547148645,94,61.47,-6.81,47.71,24.94
68,Maumere,24,ID,1547148645,100,-8.63,122.22,81.24,5.26
69,Port Alfred,68,ZA,1547148628,91,-33.59,26.89,67.69,10.4
70,Cape Town,75,ZA,1547146800,77,-33.93,18.42,66.2,10.29
71,Goma,32,CD,1547148646,87,-1.67,29.23,62.79,2.01
72,Hithadhoo,68,MV,1547148650,100,-0.6,73.08,80.97,1.79
73,Nagorsk,88,RU,1547148655,89,59.32,50.8,12.97,10.4
74,Huilong,92,CN,1547148656,100,28.89,110.18,32.05,2.46
75,Sisimiut,0,GL,1547148479,100,66.94,-53.67,-19,1.83
76,Wuwei,0,CN,1547148657,45,37.93,102.64,-6.16,3.58
77,Victoria,75,BN,1547146800,83,5.28,115.24,78.8,3.36
78,Kabanjahe,8,ID,1547148659,100,3.1,98.49,62.25,1.9
79,San Rafael,36,AR,1547148480,32,-34.61,-68.33,61.11,6.42
80,Turinsk,80,RU,1547148660,84,58.04,63.7,9.37,3.91
81,Vila Franca do Campo,20,PT,1547145000,71,37.72,-25.43,57.2,13.87
82,Yuanping,0,CN,1547148661,55,38.72,112.71,3.84,2.35
83,Mae Sai,88,MM,1547146800,100,20.44,99.89,66.2,2.24
84,Nikolskoye,90,RU,1547146800,85,59.7,30.79,23,8.95
85,Taltal,0,CL,1547148665,64,-25.41,-70.49,67.92,5.03
86,Nanortalik,88,GL,1547148389,85,60.14,-45.24,31.68,29.35
87,Hilo,1,US,1547146380,73,19.71,-155.08,73.94,5.82
88,Kurumkan,56,RU,1547148666,81,54.33,110.32,-4.67,1.45
89,Yar-Sale,0,RU,1547148666,73,66.83,70.83,-24.34,6.04
90,Mranggen,80,ID,1547148667,100,-7.63,110.89,72.64,1.45
91,Monroe,90,US,1547147700,62,41.91,-83.4,26.92,11.41
92,Cherskiy,0,RU,1547148571,33,68.75,161.3,-8.96,3.4
93,Viedma,0,AR,1547148578,85,-40.81,-62.99,63.09,7.43
94,Grindavik,90,IS,1547146800,86,63.84,-22.43,37.4,6.93
95,Hovd,90,NO,1547146200,81,63.83,10.7,44.6,20.8
96,Sinnamary,92,GF,1547148668,94,5.38,-52.96,79.35,11.07
97,Tura,0,IN,1547148522,80,25.52,90.21,50.76,2.62
98,Mataura,88,NZ,1547148563,78,-46.19,168.86,51.93,14.47
99,Tibati,0,CM,1547148670,38,6.47,12.63,69.99,9.28
100,Bluff,48,AU,1547148563,87,-23.58,149.07,68.89,8.66
101,Meulaboh,92,ID,1547148387,100,4.14,96.13,79.69,3.4
102,Raymond,75,US,1547146560,49,43.04,-71.18,31.03,17.22
103,Barrow,92,AR,1547148442,93,-38.31,-60.23,56.52,9.55
104,San Felipe,0,CL,1547148678,54,-32.75,-70.73,68.5,2.24
105,Tuktoyaktuk,40,CA,1547143200,65,69.44,-133.03,-36.41,8.05
106,Pisco,90,PE,1547146800,30,-13.71,-76.2,71.6,6.93
107,Plettenberg Bay,36,ZA,1547148531,98,-34.05,23.37,66.87,10.22
108,Fort Saint James,92,CA,1547148680,80,54.43,-124.25,16.12,2.57
109,Yulara,0,AU,1547146800,12,-25.24,130.99,80.6,9.17
110,Ahipara,76,NZ,1547148472,100,-35.17,173.16,63.76,3.62
111,Puerto Baquerizo Moreno,20,EC,1547146800,69,-0.9,-89.6,82.4,9.17
112,Zhangye,0,CN,1547148681,47,38.94,100.46,2.44,9.73
113,Lastoursville,76,GA,1547148681,98,-0.81,12.73,73.09,2.13
114,Saint George,90,GR,1547146200,93,39.45,22.34,45.05,6.87
115,Mogadishu,0,SO,1547148682,100,2.04,45.34,79.12,22.82
116,Port Lincoln,0,AU,1547148682,95,-34.72,135.86,66.52,12.53
117,Havre-Saint-Pierre,75,CA,1547143200,86,50.23,-63.6,26.6,19.46
118,Mar del Plata,0,AR,1547148582,29,-46.43,-67.52,70.42,18.72
119,Manaure,20,CO,1547146800,69,11.78,-72.45,82.4,11.41
120,Butaritari,56,KI,1547148559,100,3.07,172.79,84.82,11.79
121,Warrington,90,GB,1547148000,66,53.39,-2.59,45.68,10.29
122,Torbay,90,CA,1547143200,100,47.66,-52.73,41,11.41
123,Banda Aceh,24,ID,1547148685,99,5.56,95.32,74.49,3.36
124,Castro,0,CL,1547146800,55,-42.48,-73.76,60.8,9.17
125,Garissa,36,KE,1547148685,37,-0.46,39.64,80.65,5.59
126,Te Anau,56,NZ,1547148581,81,-45.41,167.72,47.92,5.53
127,Pilar,90,AR,1547146800,64,-34.46,-58.91,71.6,10.29
128,Salalah,0,OM,1547146200,73,17.01,54.1,73.4,4.7
129,Great Falls,75,US,1547146560,44,47.5,-111.29,50.09,21.92
130,Maniitsoq,0,GL,1547148686,100,65.42,-52.9,8.11,8.72
131,Sao Filipe,36,CV,1547148610,95,14.9,-24.5,72.91,16.22
132,Lavrentiya,0,RU,1547148687,89,65.58,-170.99,-6.2,19.24
133,Marsh Harbour,36,BS,1547148690,100,26.54,-77.06,71.65,14.2
134,Kichera,68,RU,1547148691,82,55.93,110.1,5.68,2.35
135,Pevek,8,RU,1547148630,70,69.7,170.27,7.3,21.03
136,Miri,0,NG,1547148691,48,10.31,9.75,63.01,5.59
137,Samus,40,RU,1547146800,83,56.74,84.7,-5.81,4.47
138,Pochutla,40,MX,1547145900,62,15.74,-96.47,84.99,11.41
139,Lebu,0,ET,1547148502,54,8.96,38.73,46.21,4.52
140,Naze,80,NG,1547146800,62,5.43,7.07,84.2,3.36
141,Pirapozinho,40,BR,1547143200,33,-22.27,-51.5,91.4,8.05
142,Hue,75,VN,1547146800,100,16.47,107.58,69.8,2.24
143,Bulolo,68,PG,1547148695,96,-7.2,146.64,62.74,1.57
144,Kavieng,12,PG,1547148695,100,-2.57,150.8,84.39,8.72
145,Maiduguri,0,NG,1547148695,31,11.84,13.15,65.94,8.16
146,Ostrovnoy,92,RU,1547148616,90,68.05,39.51,17.29,32.88
147,San Borja,92,BO,1547148696,94,-14.86,-66.75,74.67,2.35
148,Birao,0,CF,1547148696,40,10.3,22.78,67.47,9.06
149,Chahal,32,GT,1547148697,99,15.75,-89.57,70.84,2.57
150,Nyrob,68,RU,1547148697,80,60.74,56.73,8.11,6.04
151,Bud,75,NO,1547146200,75,62.91,6.91,45.79,25.28
152,Alofi,92,NU,1547146800,94,-19.06,-169.92,78.8,4.7
153,Sorland,75,NO,1547146200,86,67.67,12.69,32.81,49.44
154,Fairbanks,75,US,1547146680,75,64.84,-147.72,-25.12,3.4
155,Avarua,40,CK,1547146800,69,-21.21,-159.78,78.8,18.34
156,New Norfolk,75,AU,1547146800,67,-42.78,147.06,60.8,3.36
157,Galle,90,US,1547146560,34,29.74,-97.91,59.77,8.05
158,Broadstairs,75,GB,1547148000,86,51.36,1.44,39.2,5.82
159,Hamilton,75,CA,1547144460,67,43.26,-79.87,22.39,18.34
160,Kattivakkam,20,IN,1547146800,88,13.22,80.32,73.4,8.84
161,Guerrero Negro,92,MX,1547148420,92,27.97,-114.04,61.02,3.4
162,Kununurra,32,AU,1547146800,94,-15.77,128.74,78.8,7.27
163,Baghdad,0,IQ,1547146800,95,33.3,44.38,41,9.17
164,Rawson,0,AR,1547148705,26,-43.3,-65.11,74.26,10.29
165,Laguna,75,MX,1547145600,60,27.52,-110.01,73.4,10.29
166,Hasaki,20,JP,1547146800,59,35.73,140.83,29.88,6.93
167,Cidreira,56,BR,1547148580,86,-30.17,-50.22,82.57,9.78
168,Provideniya,36,RU,1547148707,100,64.42,-173.23,-1.07,25.17
169,Bertoua,0,CM,1547148707,42,4.58,13.68,71.52,6.26
170,Nouadhibou,0,MR,1547143200,56,20.93,-17.03,68,14.99
171,Beringovskiy,88,RU,1547148588,93,63.05,179.32,21.06,25.21
172,Nome,1,US,1547147700,24,30.04,-94.42,59.77,5.82
173,Soloneshnoye,64,RU,1547148708,76,51.65,84.32,5.68,2.57
174,Northam,75,GB,1547146200,93,51.04,-4.21,42.8,3.36
175,Okoneshnikovo,8,RU,1547148709,52,54.84,75.08,-17.81,3.13
176,Ludvika,76,SE,1547146200,95,60.15,15.18,32,8.05
177,Santa Elena,75,EC,1547146800,78,-2.23,-80.86,80.6,9.17
178,Kurya,64,RU,1547148711,82,51.6,82.29,5.55,3.8
179,Adre,0,TD,1547148711,31,13.47,22.2,67.42,10.51
180,Shakawe,12,BW,1547148711,66,-18.36,21.84,76.2,3.36
181,Correntina,76,BR,1547148711,37,-13.34,-44.63,85.65,4.7
182,Saldanha,0,PT,1547148712,89,41.42,-6.55,29.62,7.83
183,Coruripe,44,BR,1547148712,97,-10.12,-36.18,80.07,10.96
184,Rio Muerto,75,MX,1547145600,60,27.42,-110.23,73.4,10.29
185,Preston,75,GB,1547146200,87,53.76,-2.71,45.79,2.24
186,Rio Grande,40,BR,1547146800,65,-32.03,-52.1,82.4,12.75
187,Boende,32,CD,1547148482,89,-0.28,20.88,77.04,2.17
188,Chaihe,0,CN,1547148714,63,44.77,129.68,-8.72,2.35
189,Sarangani,88,PH,1547148714,99,5.4,125.46,80.79,6.15
190,Carnarvon,0,ZA,1547148569,12,-30.97,22.13,73.66,12.01
191,Kasongo-Lunda,32,CD,1547148716,90,-6.48,16.82,72.42,2.46
192,Ponta do Sol,0,BR,1547148716,42,-20.63,-46,83.49,4.36
193,Dingle,64,PH,1547148586,78,11,122.67,77.4,16.82
194,Waingapu,36,ID,1547148593,97,-9.65,120.26,73.84,3.06
195,Puerto Rondon,44,CO,1547148717,33,6.28,-71.1,93.88,12.64
196,Margate,75,AU,1547146800,67,-43.03,147.26,60.8,3.36
197,Bathsheba,20,BB,1547146800,69,13.22,-59.52,82.4,14.99
198,Kambove,44,CD,1547148718,93,-10.88,26.6,64.77,2.91
199,Lagoa,0,PT,1547145000,71,37.14,-8.45,55.4,9.17
200,Hampton,1,US,1547147700,58,42.74,-93.2,27.61,10.29
201,French Harbor,40,HN,1547146800,78,16.35,-86.43,78.8,13.87
202,Luderitz,0,NA,1547148465,78,-26.65,15.16,62.59,13.02
203,Airai,12,TL,1547148542,92,-8.93,125.41,69.12,1.95
204,Cabo San Lucas,5,MX,1547145900,73,22.89,-109.91,74.39,4.7
205,Mortka,68,RU,1547148720,75,59.33,66.02,-6.74,2.91
206,Bonavista,48,CA,1547148476,82,48.65,-53.11,41.13,12.01
207,Chuy,48,UY,1547148581,100,-33.69,-53.46,73.17,6.2
208,Valparaiso,90,US,1547147700,61,41.47,-87.06,24.71,9.17
209,Vardo,75,US,1547147700,49,39.62,-77.74,32.41,19.46
210,Fortuna,0,ES,1547146800,39,38.18,-1.13,48.07,8.05
211,Batman,0,TR,1547146200,100,37.88,41.13,30.2,2.24
212,Camacupa,92,AO,1547148722,81,-12.02,17.48,67.92,3.13
213,Nidzica,90,PL,1547146800,85,53.36,20.43,15.8,1.12
214,Byron Bay,92,AU,1547146800,100,-28.65,153.62,66.2,7.43
215,Leningradskiy,76,RU,1547148686,98,69.38,178.42,4.42,21.81
216,Bandar-e Lengeh,36,IR,1547143200,56,26.56,54.88,71.6,9.17
217,Ilulissat,20,GL,1547146200,44,69.22,-51.1,-2.21,1.12
218,Los Llanos de Aridane,75,ES,1547146800,59,28.66,-17.92,64.4,2.24
219,Broken Hill,0,AU,1547146800,19,-31.97,141.45,71.6,14.99
220,Puerto Princesa,40,PH,1547143200,74,9.74,118.73,82.4,18.34
221,Upernavik,8,GL,1547148560,100,72.79,-56.15,-5.23,2.17
222,Skjervoy,90,NO,1547146200,74,70.03,20.97,32.79,18.34
223,Pointe Michel,20,DM,1547146800,54,15.25,-61.38,81.34,6.93
224,Henties Bay,0,NA,1547148727,100,-22.12,14.28,62.38,8.95
225,Keti Bandar,0,PK,1547148728,98,24.14,67.45,72.64,14.65
226,Portland,75,US,1547146560,79,45.52,-122.67,49.03,10.29
227,Antalaha,76,MG,1547148728,93,-14.9,50.28,78.27,2.91
228,Conde,32,BR,1547148729,77,-11.81,-37.61,81.15,9.73
229,Egvekinot,12,RU,1547148729,49,66.32,-179.17,-30.37,3.02
230,Jamestown,0,AU,1547148496,71,-33.21,138.6,54.63,6.31
231,Yangjiang,76,CN,1547148730,99,21.85,111.96,65.44,13.65
232,Kirkenaer,0,NO,1547146200,92,60.46,12.06,20.3,2.24
233,Bandarbeyla,92,SO,1547148731,100,9.49,50.81,76.24,21.14
234,Saint-Philippe,90,CA,1547146500,77,45.36,-73.48,19.81,15.37
235,Isangel,48,VU,1547148731,100,-19.55,169.27,77.59,7.27
236,Ukiah,40,US,1547146560,74,39.15,-123.21,53.96,3.36
237,Atasu,44,KZ,1547148733,72,48.68,71.64,-3.32,3.13
238,Vila,0,IT,1547148000,23,45.18,8.4,40.15,11.41
239,Tasiilaq,92,GL,1547146200,57,65.61,-37.64,23,17.22
240,Coquimbo,20,CL,1547146800,60,-29.95,-71.34,68,12.75
241,Aranos,0,NA,1547148734,15,-24.14,19.11,68.95,7.72
242,Pokhara,0,NP,1547148735,75,28.21,83.99,32.77,2.24
243,Iqaluit,75,CA,1547143200,67,63.75,-68.52,-23.81,14.99
244,Ilhabela,12,BR,1547148634,89,-23.78,-45.36,83.49,15.55
245,Saskylakh,0,RU,1547148573,0,71.97,114.09,-49.15,5.64
246,Yichun,0,CN,1547148736,45,47.72,128.88,-15.61,2.35
247,Huarmey,92,PE,1547148736,78,-10.07,-78.15,71.07,3.36
248,Yuci,0,CN,1547146800,78,37.68,112.73,15.8,2.24
249,Kathmandu,75,NP,1547146200,87,27.71,85.32,46.4,2.95
250,Mumford,0,GH,1547148737,86,5.26,-0.76,79.93,7.49
251,Sistranda,75,NO,1547146200,81,63.73,8.83,44.6,35.57
252,Antofagasta,20,CL,1547146800,53,-23.65,-70.4,71.6,13.87
253,Marrakesh,0,MA,1547146800,37,31.63,-7.99,53.6,3.36
254,Mareeba,90,AU,1547146800,83,-16.99,145.42,78.8,13.87
255,Djambala,56,CG,1547148739,94,-2.55,14.76,71.25,2.68
256,Oktyabrskiy,75,RU,1547146800,92,55.61,37.97,15.4,2.24
257,Lorengau,0,PG,1547148740,100,-2.02,147.27,83.44,8.5
258,Kudahuvadhoo,56,MV,1547148740,100,2.67,72.89,78.13,5.7
259,Starokostyantyniv,80,UA,1547148710,89,49.76,27.2,15.49,9.4
260,Winnemucca,1,US,1547146560,62,40.97,-117.74,46.04,3.4
261,Makakilo City,90,US,1547146620,66,21.35,-158.09,72.84,4.7
262,Coahuayana,0,MX,1547148719,37,18.62,-100.35,80.65,3.13
263,Richards Bay,36,ZA,1547148606,89,-28.77,32.06,75.16,11.86
264,Yerbogachen,32,RU,1547148742,79,61.28,108.01,6,5.7
265,Campagna,90,IT,1547146500,86,40.66,15.11,26.6,4.7
266,Mayo,90,CA,1547143200,74,63.59,-135.9,-27.41,2.46
267,Kailua,75,US,1547146620,84,21.39,-157.74,72.9,5.75
268,Ocos,20,GT,1547146800,41,14.51,-92.19,88.59,6.93
269,Buta,0,CD,1547148744,56,2.79,24.73,78.54,3.69
270,Grand Gaube,40,MU,1547146800,83,-20.01,57.66,82.4,11.41
271,Padang,68,ID,1547148745,100,-0.92,100.36,81.24,2.01
272,Manaus,75,BR,1547146800,94,-3.13,-59.98,77.92,6.93
273,Wilmington,75,US,1547146560,43,39.75,-75.55,37.42,26.4
274,Porto Nacional,75,BR,1547143200,58,-10.7,-48.41,86,10.29
275,La Ronge,90,CA,1547143200,77,55.1,-105.3,1.4,9.17
276,Nakonde,32,ZM,1547148747,99,-9.33,32.75,62.11,2.91
277,Pangnirtung,5,CA,1547143200,67,66.15,-65.72,-23.81,2.24
278,Norman Wells,90,CA,1547143200,73,65.28,-126.83,-32.81,8.05
279,Ketchikan,90,US,1547146560,88,55.34,-131.65,44.37,23.04
280,Suleja,0,NG,1547146800,21,9.18,7.18,82.4,1.12
281,Groa,20,FR,1547146800,86,48.67,-4.14,39.58,4.7
282,Bethel,1,US,1547146560,72,60.79,-161.76,-17,12.75
283,Tashara,36,RU,1547148751,75,55.52,83.51,-3.01,4.14
284,Camopi,92,GF,1547148751,92,3.17,-52.33,76.02,2.46
285,Racine,90,US,1547147700,64,42.73,-87.78,23.31,5.82
286,Bhawanipatna,0,IN,1547148751,83,19.91,83.17,46.18,2.46
287,Brae,92,GB,1547146200,87,60.4,-1.35,48.2,18.34
288,Hwange,32,ZW,1547148752,85,-18.35,26.5,74.04,7.83
289,Damaturu,0,NG,1547148753,32,11.75,11.96,66.52,8.72
290,Kuruman,0,ZA,1547148753,23,-27.46,23.43,65.44,7.27
291,Bambous Virieux,40,MU,1547146800,83,-20.34,57.76,82.4,11.41
292,Geraldton,75,CA,1547143200,49,49.72,-86.95,-2.21,2.24
293,Puerto Escondido,20,MX,1547145900,70,15.86,-97.07,84.2,9.17
294,Puerto Ayacucho,20,CO,1547146800,39,5.66,-67.63,95,4.7
295,Ojinaga,1,US,1547146500,52,29.56,-104.41,58.64,3.58
296,Souillac,0,FR,1547146800,74,45.6,-0.6,36.41,3.36
297,Basco,1,US,1547147700,56,40.33,-91.2,27.1,4.59
298,Belyy Yar,40,RU,1547145000,67,53.6,91.39,17.6,8.95
299,Bilibino,0,RU,1547148756,53,68.06,166.44,-5.21,4.03
300,Buala,64,SB,1547148652,95,-8.15,159.59,81.64,5.48
301,Takhtamygda,12,RU,1547148756,53,54.1,123.57,-19.12,2.01
302,San Cristobal,75,EC,1547146800,59,-0.39,-78.55,64.4,4.7
303,Kijabe,75,KE,1547146800,68,-0.95,36.6,68,11.41
304,Nantucket,75,US,1547146560,58,41.28,-70.1,34.54,18.34
305,Dennery,40,LC,1547146800,69,13.9,-60.89,82.4,8.05
306,Kibondo,24,TZ,1547148758,87,-3.59,30.72,65.44,2.46
307,Kassala,0,SD,1547148464,39,15.45,36.38,77.31,10.33
308,Tessalit,12,ML,1547148654,41,20.2,1.01,51.09,6.6
309,Moog,88,PH,1547148758,100,8.6,124.47,77.23,5.37
310,Conceicao da Barra,0,BR,1547148759,83,-18.59,-39.73,81.42,9.95
311,East London,20,ZA,1547143200,77,-33.02,27.91,69.8,11.41
312,Keflavik,90,IS,1547146800,86,64,-22.56,37.4,6.93
313,Gizo,0,IL,1547148000,71,31.8,34.94,53.1,1.12
314,Aketi,0,CD,1547148761,56,2.74,23.78,78.4,3.8
315,San Quintin,0,PH,1547148761,77,17.54,120.52,59.32,2.57
316,Taoudenni,0,ML,1547148487,24,22.68,-3.98,60.12,4.07
317,Bay Roberts,90,CA,1547143200,100,47.58,-53.28,41,11.41
318,Qaqortoq,92,GL,1547148762,96,60.72,-46.03,27.55,5.7
319,Mount Gambier,0,AU,1547146800,87,-37.83,140.78,50,6.93
320,El Tigre,0,VE,1547148763,33,8.89,-64.25,90.69,11.63
321,College,75,US,1547146680,75,64.86,-147.8,-22.94,3.36
322,Zakupne,80,UA,1547148763,91,49.12,26.33,16.03,9.62
323,Necochea,88,AR,1547148622,100,-38.55,-58.74,54.64,10.18
324,Emporia,20,US,1547146380,46,38.4,-96.18,39.92,10.29
325,Kuvandyk,32,RU,1547148764,56,51.48,57.35,-11.96,3.13
326,Boshnyakovo,64,RU,1547148765,100,49.65,142.17,9.28,14.76
327,Luang Prabang,92,LA,1547148765,100,19.89,102.14,62.79,2.01
328,San Andres,12,PH,1547148766,100,13.32,122.68,78.9,19.91
329,Zehdenick,75,DE,1547148000,93,52.98,13.33,32.95,4.7
330,Trinidad,92,UY,1547148766,93,-33.52,-56.9,66.79,15.43
331,Kavarna,90,BG,1547146800,86,43.43,28.33,39.2,3.36
332,Lasa,75,CY,1547146800,71,34.92,32.53,55.63,9.17
333,Jinchang,0,CN,1547148769,40,38.52,102.19,-3.5,3.36
334,Ixtapa,5,MX,1547145960,65,20.71,-105.21,82.4,9.17
335,Tondano,40,ID,1547146800,100,1.3,124.91,75.2,3.36
336,Cayenne,75,GF,1547146800,69,4.94,-52.33,82.4,10.29
337,Kitim,0,JO,1547146800,76,32.44,35.9,44.6,3.36
338,Ocampo,88,PH,1547148770,91,13.56,123.37,77.32,13.76
339,Daru,0,SL,1547148771,60,7.99,-10.85,79.57,5.14
340,Batagay-Alyta,68,RU,1547148771,43,67.8,130.41,-29.33,2.46
341,Santiago,0,CL,1547146800,26,-33.44,-70.65,82.4,9.17
342,Altay,80,CN,1547148772,78,47.83,88.13,7.89,1.9
343,Shaunavon,0,CA,1547148773,66,49.65,-108.41,45.19,11.3
344,Constitucion,5,MX,1547145600,24,23.99,-104.67,68,6.93
345,Umm Kaddadah,0,SD,1547148626,42,13.6,26.69,59.05,10.4
346,Maningrida,8,AU,1547148774,85,-12.05,134.23,81.37,6.49
347,Tingo Maria,90,PE,1547146800,83,-9.29,-76.01,77,2.24
348,Inta,0,RU,1547148774,80,66.04,60.13,-12.68,2.91
349,Baturaja,56,ID,1547148775,95,-4.12,104.17,73.54,2.91
350,Iberia,32,PE,1547148775,65,-11.41,-69.49,85.02,4.81
351,Walvis Bay,0,NA,1547146800,68,-22.95,14.51,66.2,11.41
352,Longyearbyen,90,NO,1547146200,79,78.22,15.63,21.2,34.45
353,Rundu,20,NA,1547148776,91,-17.91,19.77,65.89,2.68
354,Petropavlovsk-Kamchatskiy,8,RU,1547146800,77,53.05,158.65,-0.41,6.71
355,Jinka,0,ET,1547148776,63,5.79,36.57,58.87,1.57
356,Tocopilla,0,CL,1547148501,88,-22.09,-70.2,67.95,5.97
357,Bubaque,0,GW,1547148777,89,11.28,-15.83,82.27,1.34
358,Casa Nova,32,BR,1547148777,60,-11.77,-39.23,81.87,9.95
359,Tomatlan,0,MX,1547148777,64,19.93,-105.25,81.82,4.14
360,Teguldet,20,RU,1547148778,77,57.31,88.17,-3.77,4.36
361,Valdez,68,US,1547148778,100,61.13,-146.35,-4.72,1.68
362,Tacuarembo,88,UY,1547148778,88,-31.73,-55.98,75.43,3.36
363,Bairnsdale,44,AU,1547148779,85,-37.83,147.63,59.05,3.47
364,Mathathane,24,BW,1547148779,90,-22.27,28.75,72.15,2.13
365,Abu Dhabi,20,AE,1547146800,64,24.47,54.37,68.86,13.87
366,Devli,20,IN,1547146800,81,28.23,77.32,51.8,2.8
367,Kayankulam,0,IN,1547148784,100,9.18,76.5,81.6,6.15
368,Natalio,48,PY,1547148784,90,-26.76,-55.14,80.34,1.12
369,Aswan,68,EG,1547148705,78,24.09,32.9,46.81,4.03
370,Arendonk,92,BE,1547148300,97,51.32,5.09,36.5,4.7
371,North Platte,1,US,1547146380,50,41.12,-100.77,44.06,3.36
372,Jacobina,64,BR,1547148790,79,-11.19,-40.51,75.07,7.27
373,Oudtshoorn,56,ZA,1547146800,72,-33.59,22.2,68,2.24
374,Shubarshi,0,KZ,1547148791,46,48.59,57.19,-7.28,3.02
375,Zainsk,90,RU,1547146800,85,55.29,52.01,14,11.18
376,Iwaki,0,JP,1547148791,88,37.05,140.89,42.54,18.68
377,Beatrice,1,US,1547147700,44,40.27,-96.75,39.87,14.99
378,San Policarpo,56,PH,1547148792,91,12.18,125.51,78.58,18.34
379,Sabaudia,0,IT,1547148000,60,41.3,13.03,40.6,6.93
380,Venlo,20,DE,1547148300,93,51.37,6.17,35.4,3.36
381,Washington DC.,20,US,1547147700,38,38.9,-77.04,35.73,24.16
382,Kruisfontein,56,ZA,1547148751,87,-34,24.73,65.94,10.18
383,Andros Town,40,BS,1547146800,57,24.73,-77.79,75.2,11.41
384,San Luis,0,AR,1547148608,33,-33.3,-66.34,71.52,11.52
385,Loandjili,40,CG,1547143200,83,-4.77,11.87,82.4,4.7
386,Sept-Iles,90,CA,1547143200,79,50.2,-66.38,21.2,12.75
387,Lima,90,PE,1547146800,61,-12.06,-77.04,78.8,6.93
388,Fuxin,0,CN,1547148797,58,42.02,121.65,2.35,2.46
389,Sevsk,76,RU,1547148797,90,52.15,34.49,19.05,6.93
390,Buraydah,0,SA,1547146800,58,26.33,43.97,53.6,8.05
391,Radomsko,88,PL,1547148798,91,51.07,19.44,19.95,4.92
392,Killybegs,0,IE,1547146800,93,54.63,-8.45,48.2,4.7
393,Kloulklubed,90,PW,1547146200,83,7.04,134.26,78.8,11.41
394,Paramonga,44,PE,1547148799,100,-10.68,-77.82,72.82,5.82
395,Jalu,0,LY,1547148800,45,29.03,21.55,43.12,5.59
396,Xining,44,CN,1547148718,58,36.62,101.77,-4.49,1.12
397,Port Hedland,40,AU,1547146800,83,-20.31,118.58,84.2,11.41
398,Sitka,8,US,1547148800,43,37.17,-99.65,56.98,17
399,Upata,36,VE,1547148801,40,8.02,-62.41,86.68,9.4
400,Todos Santos,5,MX,1547145900,73,23.45,-110.23,74.32,4.7
401,Loikaw,0,MM,1547148801,100,19.67,97.21,54.15,2.24
402,Nabire,0,ID,1547148802,88,-3.36,135.5,65.8,2.35
403,Saint-Francois,90,FR,1547146800,94,46.42,3.91,32,3.36
404,Koslan,76,RU,1547148802,77,63.46,48.9,2.22,3.24
405,Wamba,0,CD,1547148803,63,2.14,27.99,73.14,3.8
406,Port Hueneme,20,US,1547146620,74,34.15,-119.2,59.97,3.36
407,Bjornevatn,75,NO,1547146200,86,69.67,29.98,29.39,36.91
408,Teguise,40,ES,1547146800,59,29.06,-13.56,62.6,9.17
409,Sioux Lookout,90,CA,1547143200,64,50.1,-91.92,-1.03,3.36
410,Havelock,1,US,1547146680,36,34.88,-76.9,41.41,18.34
411,Sola,90,FI,1547148000,85,62.78,29.36,12.2,13.87
412,Bathurst,24,AU,1547148805,95,-33.42,149.58,66.39,3.58
413,Bosaso,24,SO,1547148805,100,11.28,49.18,73.9,7.38
414,Puerto Madero,40,AR,1547146800,60,-34.61,-58.36,71.13,10.29
415,Iranshahr,0,IR,1547146800,52,27.21,60.69,64.4,4.7
416,Diamantino,24,BR,1547148806,73,-14.4,-56.44,83.8,3.69
417,Vila Velha,20,BR,1547146800,66,-3.71,-38.6,84.2,13.87
418,Mackay,1,CA,1547144280,91,53.65,-115.58,5.25,2.24
419,Weiser,90,US,1547146380,67,44.25,-116.97,42.98,2.62
420,Roald,75,NO,1547146200,87,62.58,6.12,45.18,21.92
421,Launceston,0,AU,1547146800,81,-41.43,147.14,48.2,2.51
422,Udachnyy,36,RU,1547148808,49,66.42,112.4,-31.04,2.68
423,Erenhot,0,CN,1547148531,66,43.65,111.97,-2.71,8.77
424,Axim,0,GH,1547148591,97,4.87,-2.24,83.97,9.44
425,Panjab,88,AF,1547148809,82,34.38,67.02,18.28,2.68
426,Kodiak,1,US,1547146500,54,39.95,-94.76,34.12,10.29
427,Ambulu,36,ID,1547148810,100,-8.35,113.61,76.92,3.02
428,Terenos,40,BR,1547146800,46,-20.44,-54.87,91.4,11.41
429,Athni,0,IN,1547148810,72,16.73,75.07,56.17,2.91
430,Katsuura,40,JP,1547146800,88,33.93,134.5,48.2,16.11
431,Tete,75,MZ,1547146800,94,-16.16,33.59,78.8,2.68
432,Coari,68,BR,1547148811,84,-4.09,-63.14,81.64,4.7
433,Zambezi,76,ZM,1547148811,86,-13.55,23.12,72.19,4.92
434,Srednekolymsk,44,RU,1547148778,49,67.46,153.71,-29.96,2.57
435,Leshukonskoye,88,RU,1547148812,82,64.9,45.76,7.8,6.38
436,Clyde River,20,CA,1547143200,74,70.47,-68.59,-25.61,4.7
437,Kuryk,48,KZ,1547148813,100,43.18,51.68,30.39,4.14
438,Kingston,90,CA,1547147940,70,44.23,-76.48,19.96,11.41
439,Casablanca,0,MA,1547146800,81,33.6,-7.62,52.36,2.24
440,Zabid,8,YE,1547148814,38,14.2,44.5,38.26,4.25
441,Surt,0,LY,1547148528,93,31.21,16.59,56.97,5.97
442,Sar-e Pul,80,AF,1547148815,100,36.22,65.93,33,6.15
443,Maceio,75,BR,1547146800,54,-9.67,-35.74,84.2,12.75
444,Igarka,44,RU,1547148816,43,67.47,86.57,-27.53,7.38
445,Labuhan,92,ID,1547148713,98,-2.54,115.51,72.15,2.57
446,Carlagan,36,PH,1547148816,100,14.97,122.05,77.59,19.13
447,Rio Rancho,75,US,1547147700,50,35.27,-106.63,42.37,3.36
448,Lata,92,IN,1547148530,89,30.78,78.62,31.77,1.72
449,Morant Bay,20,JM,1547146800,58,17.88,-76.41,82.4,5.82
450,Umm Lajj,24,SA,1547148817,100,25.02,37.27,60.27,8.72
451,Tara,75,JP,1547146800,93,33,130.15,39.2,3.36
452,Ribeira Brava,75,PT,1547146800,63,32.65,-17.07,60.8,4.7
453,Boa Vista,75,BR,1547146800,36,2.82,-60.67,91.4,16.11
454,Jiuquan,0,CN,1547148819,34,39.73,98.49,-14.44,2.8
455,Murupara,0,NZ,1547148819,67,-38.46,176.71,69.58,2.68
456,Visnes,75,NO,1547146200,93,59.36,5.22,42.53,20.8
457,Suoyarvi,76,RU,1547148820,78,62.08,32.35,12.57,8.61
458,Bethanien,0,NA,1547148820,29,-26.5,17.16,69.31,9.95
459,Talnakh,44,RU,1547148736,49,69.49,88.39,-30.14,3.91
460,Hilton Head Island,1,US,1547147700,40,32.16,-80.75,52.5,5.82
461,Kholodnyy,20,RU,1547148822,63,62.72,147.95,-36.76,0.78
462,Radovan,92,RO,1547146800,100,44.16,23.61,30.2,6.93
463,Toyooka,92,JP,1547148822,88,35.55,134.82,39.97,5.93
464,Udaipur,0,IN,1547148823,78,24.58,73.69,43.57,2.91
465,Honiara,68,SB,1547148823,100,-9.43,159.96,76.87,2.8
466,Angoche,32,MZ,1547148823,100,-16.23,39.91,83.4,19.24
467,Puerto Madryn,0,AR,1547148658,56,-42.77,-65.04,69.22,10.96
468,Hambantota,75,LK,1547143800,88,6.12,81.12,78.8,11.41
469,Polyarnyy,75,RU,1547146800,85,69.2,33.45,19.4,11.18
470,Liuzhou,92,CN,1547148825,100,24.32,109.41,46,3.13
471,Cockburn Town,68,TC,1547148484,100,21.46,-71.14,73.84,7.76
472,Shenjiamen,92,CN,1547148825,98,29.96,122.3,52.84,13.53
473,Andra,0,RU,1547148825,71,62.52,65.89,-23.71,4.36
474,Yaan,0,NG,1547148826,63,7.38,8.57,76.15,3.69
475,Namtsy,48,RU,1547146800,58,62.72,129.66,-38.21,4.47
476,Ancud,0,CL,1547146800,55,-41.87,-73.83,60.8,9.17
477,Santa Catarina,48,BR,1547148653,74,-29.97,-50.14,83.71,9.73
478,Patan,75,NP,1547146200,87,27.67,85.33,46.4,3.8
479,Riachao das Neves,48,BR,1547148827,36,-11.75,-44.91,85.06,2.8
480,Hailar,20,CN,1547148828,38,49.2,119.7,-12.95,4.25
481,Maryville,1,US,1547147700,31,40.35,-94.87,35.64,12.75
482,Wang Saphung,56,TH,1547148540,91,17.3,101.77,67.86,2.84
483,Tankhoy,12,RU,1547148828,54,51.55,105.12,2.22,1.68
484,Alegrete,92,BR,1547148829,89,-29.79,-55.79,75.61,4.03
485,Iwanai,76,JP,1547148829,100,42.97,140.51,30.43,20.02
486,Darnah,0,LY,1547148830,100,32.77,22.64,62.02,18.01
487,Krasnyy Yar,44,RU,1547148830,65,50.7,44.73,-0.31,4.14
488,Aguimes,20,ES,1547146800,63,27.91,-15.45,62.6,13.87
489,Preobrazheniye,0,RU,1547148831,74,42.9,133.91,-0.53,2.35
490,Colares,0,PT,1547146800,62,38.8,-9.45,52.36,8.05
491,Fare,92,PF,1547148831,100,-16.7,-151.02,81.73,16.22
492,Dubti,0,ET,1547148831,70,11.74,41.09,58.87,2.68
493,Hofn,20,IS,1547146800,48,64.25,-15.21,42.8,8.05
494,Eirunepe,44,BR,1547148832,67,-6.66,-69.87,85.29,3.36
495,Ust-Nera,64,RU,1547148832,40,64.57,143.24,-28.7,1.9
496,Kadaya,12,RU,1547148832,62,50.93,119.29,-14.84,2.8
497,Lubao,75,PH,1547146800,73,14.94,120.6,77.63,2.24
498,Hobyo,68,SO,1547148518,86,5.35,48.53,76.27,17.05
499,Vanimo,76,PG,1547148833,100,-2.67,141.3,81.55,12.08
500,Abbeville,0,FR,1547146800,93,50.11,1.83,39.11,2.24
501,Hun,75,BE,1547148000,96,50.34,4.87,34.52,2.24
502,Taos,1,US,1547146560,53,36.41,-105.57,37.04,4.7
503,Haines Junction,8,CA,1547148834,66,60.75,-137.51,-37.66,2.13
504,Verkhnetulomskiy,75,RU,1547146800,85,68.61,31.8,19.4,11.18
505,Hunchun,0,CN,1547148835,57,42.86,130.36,18.1,4.36
506,Wilkie,90,CA,1547143800,77,52.41,-108.71,6.8,4.47
507,Lensk,64,RU,1547148836,68,60.71,114.91,15.09,8.05
508,Tome,0,JP,1547148836,79,38.69,141.2,36.19,19.01
509,Taut,88,RO,1547146800,92,46.28,21.92,25.74,5.82
510,Shimoda,0,JP,1547148704,100,34.7,138.93,52.57,6.26
511,Madinat Sittah Uktubar,0,EG,1547146800,43,29.82,31.05,50,8.05
512,Caravelas,8,BR,1547148837,100,-17.73,-39.27,79.39,13.09
513,Bartica,40,GY,1547146800,62,6.41,-58.62,86,16.11
514,Kondinskoye,68,RU,1547148838,74,59.65,67.41,-10.88,2.8
515,Tateyama,92,JP,1547148838,100,36.66,137.31,30.16,2.91
516,Kannangad,0,IN,1547148839,100,12.31,75.11,73.45,3.36
517,Nanakuli,1,US,1547146620,80,21.39,-158.15,72.84,7.61
518,Conceicao do Araguaia,56,BR,1547148620,76,-8.26,-49.26,82.95,6.26
519,Baykit,32,RU,1547148530,56,61.68,96.39,-6.85,7.65
520,Ko Samui,80,TH,1547148841,97,9.54,99.94,82.77,12.97
521,Mount Isa,12,AU,1547146800,45,-20.73,139.49,86,10.29
522,Talcahuano,0,CL,1547146800,40,-36.72,-73.12,69.8,16.11
523,Tornio,90,FI,1547148000,92,61.12,27.27,19.36,10.29
524,Novopokrovka,0,RU,1547148842,41,45.85,134.51,-13.49,2.46
525,Beisfjord,75,NO,1547146200,88,68.38,17.6,32,44.96
526,Portsmouth,75,GB,1547148000,93,50.8,-1.08,39.97,3.36
527,Noumea,90,NC,1547146800,94,-22.28,166.46,71.6,3.36
528,Alberobello,20,IT,1547148000,80,40.78,17.24,40.66,13.87
529,Cururupu,80,BR,1547148843,100,-1.82,-44.87,74.17,2.68
530,Da Lat,92,VN,1547148844,98,11.95,108.44,62.65,2.35
531,Jucurutu,68,BR,1547148844,55,-6.03,-37.02,84.43,4.7
532,Oeiras do Para,92,BR,1547148845,100,-2,-49.85,73.5,1.68
533,Semirom,8,IR,1547148845,71,31.41,51.57,11.85,1.9
534,Poum,92,MK,1547148845,85,41.28,20.71,20.85,1.34
535,Ornskoldsvik,40,SE,1547146200,80,63.29,18.72,32.81,10.29
536,Mahibadhoo,24,MV,1547148846,100,3.78,72.97,82.09,15.32
537,Mana,90,RS,1547148600,92,43.52,20.24,23.47,3.36
538,Farafangana,44,MG,1547148847,95,-22.82,47.83,81.42,13.53
539,Iquitos,75,PE,1547146800,319,-3.75,-73.25,42.8,4.7
540,Spiridonovka,90,RU,1547146800,85,53.09,50.65,15.8,6.71
541,Vorontsovka,92,RU,1547148848,89,50.61,40.34,19.54,11.3
542,Vizinga,68,RU,1547148848,84,61.08,50.08,16.93,5.59
543,Espinosa,56,BR,1547148849,57,-14.92,-42.81,77.5,6.93
544,Alta Floresta,76,BR,1547148749,83,-9.87,-56.08,79.8,1.45
545,Terrace Bay,40,CA,1547143200,64,48.78,-87.1,-4.01,6.93
546,Moguer,0,ES,1547148849,72,37.27,-6.84,43.39,15.21
547,Severomuysk,24,RU,1547148850,75,56.17,113.57,-6.74,3.13
548,Tarrafal,0,CV,1547146800,60,15.28,-23.77,73.4,19.46
549,Ossora,88,RU,1547148850,86,59.24,163.07,21.25,6.6
550,Akdepe,90,TM,1547146800,86,42.05,59.39,32.88,9.17
551,Georgiyevka,88,RU,1547148469,93,52.25,40.45,18.49,10.67
552,Kasama,80,ZM,1547148851,99,-10.21,31.19,64.09,2.46
553,Bunia,32,CD,1547148851,79,1.56,30.25,62.38,1.23
554,Gat,68,SN,1547146800,43,14.69,-16.54,82.49,13.87
555,Concepcion de Buenos Aires,5,MX,1547145900,35,19.97,-103.27,69.8,5.82
556,Batemans Bay,92,AU,1547148632,100,-35.71,150.18,63.87,2.91
557,Rurrenabaque,75,BO,1547146800,94,-14.44,-67.53,79.74,4.59
558,Buin,0,CL,1547146800,26,-33.73,-70.74,82.4,9.17
559,Rolla,1,US,1547146560,49,37.95,-91.77,35.94,4.7
560,Ciudad Bolivar,8,VE,1547148619,33,8.12,-63.55,92.85,11.52
561,Lewistown,1,US,1547147700,56,40.39,-90.15,26.69,4.03
562,Hirara,92,JP,1547148854,100,24.8,125.28,72.01,9.4
563,San Gabriel,1,US,1547146620,66,34.1,-118.11,59.18,2.57
564,Jacksonville Beach,1,US,1547146560,39,30.29,-81.39,52.21,6.93
565,Tarabuco,56,BO,1547148855,88,-19.18,-64.92,60.72,4.14
566,Comodoro Rivadavia,0,AR,1547146800,12,-45.87,-67.48,77,19.46
567,Zhezkazgan,12,KZ,1547148856,81,47.8,67.71,-5.44,9.06
568,Harper,1,US,1547146500,48,30.3,-99.24,55.42,3.36
569,Klyuchi,36,RU,1547148856,59,52.25,79.17,-6.61,2.91
570,Adrar,0,DZ,1547146800,16,27.87,-0.29,57.2,6.93
571,Lubango,0,AO,1547148857,67,-14.92,13.49,65.22,3.24
572,Tamiahua,12,MX,1547148857,100,21.28,-97.45,71.56,8.05
573,Ambovombe,80,MG,1547148858,100,-25.18,46.09,74.4,4.25
574,Ravar,0,IR,1547148858,49,31.27,56.81,28.14,2.24
575,Shenzhen,40,CN,1547147220,82,22.54,114.05,66.13,3.36
576,Monte San Pietro,0,IT,1547148000,47,44.44,11.14,34.61,3.36
577,Hami,76,CN,1547148707,68,42.84,93.51,10.77,3.13
578,Gimli,92,CA,1547148794,89,50.63,-96.99,11.17,13.31
579,Miyako,75,JP,1547146800,57,33.63,130.94,44.42,6.93
